id,user
0,_ChickenTacos
1,-f-d-
2,-Kimosabe-
3,0H7wq
4,0ur0b00ros
5,2VictorGoDSpoils
6,5urr3aL
7,706Hitz
8,7amoury
9,80soitraB
10,Aaanyong
11,adventuregal11
12,ahvi8
13,andreamerbarry
14,aneahaena
15,anythingbutordinary_
16,aravinth13
17,Ashaika
18,Asteria1983
19,AverageJames23
20,aydeetie
21,bcanada92
22,BerryHolmes
23,bigdaddywelly
24,biggestmissedsteak
25,Blayer32
26,BradyBunch88
27,brandonnodnarb96
28,brodieor_410
29,BrokenFriendship2018
30,Bruno_Berg
31,CalyceGG
32,cerseidm
33,cheddargt
34,CheeseMaster404v2
35,cjacksallin
36,CMDR_RetroAnubis
37,condemned02
38,cookieswithmilf
39,Cool_Noah
40,crshbndct
41,Cykakyo
42,Dang_It_MoonMoon
43,danny12beje
44,daphnedawns
45,dark_z3r0
46,DarkCaedus
47,DarkKnightAndy
48,darkwizard77
49,DeathStalker89
50,deurces
51,Devast666
52,devler
53,DotoriumPeroxid
54,dreamsandabyss
55,dsnapiri
56,Ducatidelvic
57,evgbro
58,Frietvorkje
59,fuurin
60,gaunernick
61,Gcs79
62,Gerbennos
63,GForce1104
64,GoronCraft
65,grizwald87
66,guysamus182
67,hairspun1
68,HappyFriendlyBot
69,hdefined
70,HeavyMetalYeti
71,Heisenjerk
72,holy-joesus
73,honestbae
74,HuisMuis
75,imnohelp2u
76,imooforyou
77,imsorryisuck
78,inScopeStudios
79,ioannas
80,itscalebfoote
81,ITzTricky--x
82,iwakuya
83,iwaslerryjee
84,J_amling
85,Jackinory89
86,jellykicks15
87,jenn4u2luv
88,jensenandco
89,Jermine1269
90,jhadjkura
91,jofitty
92,Jokrong
93,JonathanRL
94,kafrillion
95,kage_b19
96,kaizerjames
97,keaskop
98,Kellythestrange13
99,kenpu0001
100,kevthekereru
101,kikaysikat
102,kitkat0987
103,L0rdN3ls0n
104,L4HH
105,ladcoste
106,lazusan
107,LemLuthor
108,Leonbox
109,LeTygolio
110,librarybear76
111,Livinglife792
112,llirik
113,LobsterDarren
114,Locoleos
115,logicallymath
116,looktotheson
117,LopeDePicas
118,lordfarquadsnottall
119,LoudOperation
120,luciferhelidon
121,LynCaroline
122,Ma_Wo
123,Majesty1990
124,making-it-count
125,MandyYes
126,matt-ice
127,MattyGames97
128,maviskitty
129,Max_Insanity
130,maxfax28
131,maythesnoresbwithyou
132,mechnight
133,MeisterHeller
134,MekiMeks
135,Merlack12
136,minimizer7
137,misskittenmittenss
138,mktang
139,Mojo-man
140,Moon_old
141,morriemukoda
142,MOTH630
143,MrTastix
144,MundaneChoice
145,Musachan007
146,mze3e
147,nba2k16
148,No_-_Refunds
149,Novus_Grimnir
150,Nutmeg1729
151,Obesz
152,octoelephant22
153,OftenFox
154,olasbondolas
155,onerb2
156,onionwba
157,orango_tango
158,Otachi365
159,PeggyC11
160,PhatPhingerz
161,PhattestSalad
162,phelansg
163,pigammon
164,PM_If_Gay
165,POOTISFISH
166,Powerfulmanatee
167,PuppetChimera
168,Quazar8
169,raikaria2
170,rang14
171,rasmatham
172,Regenitor_
173,RepliesNice
174,Ricarad
175,rokkkaholic
176,rossofthebob
177,Rotmann_IX
178,rowthecow
179,RunRunAndyRun
180,Ryanblakbird
181,SandHater66
182,SankenShip
183,sbanaynays
184,scarocci
185,SeussCrypter
186,Shadwmaster
187,ShameerBaig
188,Sickinga
189,sicxer
190,Simcoe6
191,sK0pey
192,skztr
193,Slowbrodragon
194,SlyGunk
195,Smaranzky
196,Snowwwwy
197,stem1025
198,tabbouleh_rasa
199,talkward
200,tansypool
201,TattedKnifeGeek
202,tearscloud
203,TenThousandCakes
204,teo_many
205,TerraChron
206,TheChairHugger
207,theCoffeeDoctor
208,Theevil457
209,TheLeviathanR
210,TheOneAndOnlyWellsy
211,thepaintedlady-
212,thethirdrayvecchio
213,TheWolvenOne
214,Thinman2000
215,thisisdoodoo10
216,tobysadie
217,TonberryHS
218,tonythegoose
219,Totillou765
220,Trieske333
221,Tyarles412
222,TylerIsAWolf
223,Tzhaa
224,Ulricmag
225,unitedsasuke
226,vanderchief
227,vendustreek
228,vitalvisionary
229,vocalnick
230,volcanolam
231,vynzilla
232,WeirderQuark
233,WickedBaby
234,wild_starbrah
235,wisebluff
236,xShadey
237,XYZac
238,ycnz
239,ypsilonmercuri
240,ZioFeda
241,MasterofPenguin
242,sadboyyjack
243,datbootybooty
244,Jarvar
245,Javenira
246,AzysLla
247,Best_Jokur
248,thebrotiki
249,#NAME?
250,juketahkoe
251,the3RDdimension
252,iojfelgjks
253,alishaok21
254,ClemiReddit
255,Phrotschi
256,smolA13
257,af0010
258,fabilbng
259,crazyracer18
260,_Astronomix_
261,mysticsmagic
262,hokagebitch
263,firefly_chaser
264,raexplicit69
265,Max_Attribute
266,BlueSkittle96
267,dattallguy18
268,Sirkrisbo
269,EtherealLife_
270,Pesce_Magico
271,JanetSnarkhole
272,neocable
273,cantgetthistowork
274,kylem4426
275,SyauqiAres
276,TheHyperion2342
277,ydeer_
278,heli572
279,Vsoftdnp
280,bornthisbeige
281,Iv1ano
282,uwantsumfries
283,Wide_Requirement
284,Jonnygett
285,spartanwa