"","x"
"pakistan",41
"india",19
"proof",19
"air",18
"country",18
"pakistani",18
"video",18
"army",17
"just",17
"like",17
"one",14
"people",14
"even",13
"guy",13
"military",13
"pak",13
"think",13
"indian",12
"terrorist",12
"international",11
"media",11
"know",10
"really",10
"attack",9
"f16",9
"going",9
"make",9
"peace",9
"still",9
"another",8
"closed",8
"history",8
"much",8
"news",8
"pilot",8
"true",8
"well",8
"done",7
"journalists",7
"may",7
"need",7
"never",7
"open",7
"released",7
"say",7
"see",7
"terrorists",7
"theres",7
"world",7
"airports",6
"flights",6
"happened",6
"isnt",6
"jem",6
"jet",6
"lol",6
"lost",6
"now",6
"public",6
"strikes",6
"wasnt",6
"way",6
"yeah",6
"years",6
"airspace",5
"back",5
"believe",5
"big",5
"claimed",5
"claims",5
"coming",5
"day",5
"days",5
"deal",5
"feel",5
"foreign",5
"gesture",5
"good",5
"govt",5
"journalist",5
"killed",5
"local",5
"lot",5
"made",5
"matter",5
"pakistanis",5
"pakistans",5
"propaganda",5
"release",5
"saying",5
"seem",5
"single",5
"site",5
"stop",5
"strike",5
"take",5
"terrorism",5
"things",5
"want",5
"whole",5
"without",5
"access",4
"acknowledge",4
"actually",4
"alive",4
"anything",4
"area",4
"azhar",4
"bad",4
"banned",4
"basically",4
"better",4
"came",4
"cant",4
"come",4
"damage",4
"denied",4
"details",4
"enemy",4
"events",4
"exactly",4
"feb",4
"force",4
"found",4
"general",4
"get",4
"give",4
"got",4
"happening",4
"indians",4
"indias",4
"lie",4
"look",4
"many",4
"mean",4
"minister",4
"normal",4
"official",4
"operations",4
"past",4
"point",4
"possible",4
"prison",4
"reason",4
"report",4
"reports",4
"sanity",4
"satellite",4
"saved",4
"seems",4
"sense",4
"since",4
"sources",4
"space",4
"surgical",4
"time",4
"took",4
"trust",4
"trying",4
"war",4
"2016",3
"300",3
"abhinandan",3
"accept",3
"afraid",3
"article",3
"ask",3
"asking",3
"balakot",3
"believes",3
"best",3
"bomb",3
"case",3
"condemned",3
"conducted",3
"coverage",3
"credibility",3
"didnt",3
"die",3
"downed",3
"edit",3
"ever",3
"every",3
"evidence",3
"excuse",3
"expect",3
"fact",3
"facts",3
"feeling",3
"find",3
"first",3
"fuck",3
"fuel",3
"full",3
"fyi",3
"getting",3
"given",3
"google",3
"guess",3
"guys",3
"hands",3
"hard",3
"hate",3
"head",3
"hero",3
"hit",3
"honestly",3
"images",3
"isi",3
"jets",3
"let",3
"lets",3
"lied",3
"man",3
"matters",3
"mig",3
"mil",3
"must",3
"narrative",3
"nation",3
"night",3
"non",3
"nothing",3
"organisation",3
"otherwise",3
"rather",3
"realize",3
"releasing",3
"remember",3
"retaliation",3
"returned",3
"right",3
"rogue",3
"ruling",3
"sensitive",3
"several",3
"shortage",3
"soldiers",3
"something",3
"soon",3
"story",3
"stuck",3
"sure",3
"talk",3
"tell",3
"thing",3
"though",3
"thought",3
"today",3
"two",3
"used",3
"whos",3
"yes",3
"26th",2
"27th",2
"absolutely",2
"according",2
"act",2
"action",2
"aint",2
"airstrike",2
"alleged",2
"allowed",2
"always",2
"among",2
"amount",2
"amp",2
"anyone",2
"anywhere",2
"armed",2
"articles",2
"authorities",2
"available",2
"away",2
"bias",2
"biased",2
"blown",2
"bodies",2
"body",2
"bombed",2
"call",2
"capabilities",2
"chance",2
"channels",2
"civilian",2
"civilians",2
"claim",2
"close",2
"closing",2
"coerced",2
"comments",2
"completely",2
"contradict",2
"counter",2
"countrymen",2
"credible",2
"cross",2
"csgo",2
"cuts",2
"dead",2
"debate",2
"delay",2
"documented",2
"domestic",2
"don031t",2
"dread",2
"dying",2
"elections",2
"end",2
"enough",2
"entirely",2
"escalation",2
"especially",2
"everyone",2
"except",2
"existence",2
"face",2
"faced",2
"facility",2
"far",2
"fighting",2
"flight",2
"forces",2
"france",2
"free",2
"front",2
"gall",2
"gaya",2
"giving",2
"goal",2
"government",2
"hai",2
"hand",2
"handles",2
"happen",2
"happy",2
"havent",2
"hell",2
"hes",2
"hindi",2
"home",2
"hope",2
"hours",2
"however",2
"hypocrisy",2
"idk",2
"ignorant",2
"indicates",2
"individual",2
"influence",2
"intelligence",2
"interview",2
"investigation",2
"it031s",2
"jail",2
"jumps",2
"kid",2
"killing",2
"kiya",2
"later",2
"learn",2
"least",2
"leopard",2
"life",2
"livelihood",2
"living",2
"locals",2
"looking",2
"looks",2
"lose",2
"lying",2
"lynching",2
"madarasa",2
"majority",2
"makes",2
"making",2
"manner",2
"means",2
"members",2
"mig21",2
"mob",2
"moments",2
"national",2
"ndtv",2
"next",2
"number",2
"obvious",2
"others",2
"pakis",2
"part",2
"partially",2
"person",2
"picture",2
"pictures",2
"pilots",2
"play",2
"plus",2
"population",2
"possibility",2
"post",2
"posts",2
"power",2
"present",2
"press",2
"pressure",2
"prevailed",2
"professional",2
"prove",2
"pulwama",2
"purpose",2
"putting",2
"quite",2
"quote",2
"rafale",2
"raid",2
"ready",2
"real",2
"regardless",2
"require",2
"response",2
"result",2
"retarded",2
"return",2
"safety",2
"saw",2
"says",2
"scenario",2
"security",2
"seen",2
"share",2
"shell",2
"shit",2
"side",2
"somebody",2
"someone",2
"source",2
"standards",2
"state",2
"straight",2
"surveillance",2
"swarm",2
"swarming",2
"taken",2
"talking",2
"talks",2
"technology",2
"territory",2
"thankful",2
"that031s",2
"theyre",2
"thin",2
"times",2
"torture",2
"trees",2
"truth",2
"try",2
"twitter",2
"understand",2
"usa",2
"username",2
"videos",2
"view",2
"werent",2
"whether",2
"within",2
"work",2
"yesterday",2
"yet",2
"zones",2
"017",1
"100",1
"1000",1
"13th",1
"14th",1
"15th",1
"1971",1
"2018",1
"2020",1
"2030",1
"25th",1
"2611",1
"2nd",1
"2seater",1
"4th",1
"abhijit",1
"ability",1
"accepting",1
"achieve",1
"achieved",1
"achievement",1
"acknowledged",1
"acts",1
"adamant",1
"added",1
"adopt",1
"advocate",1
"afterwards",1
"agencies",1
"agency",1
"agent",1
"ago",1
"agree",1
"agreement",1
"aircraft",1
"aircrafts",1
"airstrikenot",1
"aisa",1
"ajay",1
"aka",1
"alert",1
"allows",1
"almost",1
"although",1
"ampx200b",1
"analysis",1
"anchor",1
"anger",1
"announcement",1
"anymore",1
"apart",1
"apology",1
"apparently",1
"appreciating",1
"arent",1
"argument",1
"armys",1
"around",1
"arrest",1
"arrested",1
"asked",1
"assault",1
"assuming",1
"assure",1
"atleast",1
"attacked",1
"attacks",1
"attention",1
"award",1
"aware",1
"background",1
"bash",1
"bashed",1
"bastard",1
"battalions",1
"battle",1
"beauty",1
"become",1
"becomes",1
"behind",1
"belong",1
"bent",1
"bid",1
"bigger",1
"bit",1
"bitch",1
"blackmail",1
"blackmailing",1
"blamed",1
"blaming",1
"blindly",1
"bliss",1
"bloody",1
"blunder",1
"bollywood",1
"boman",1
"bombing",1
"border",1
"bought",1
"brain",1
"brave",1
"braveheart",1
"breaking",1
"briefing",1
"bring",1
"broke",1
"brought",1
"btw",1
"buddy",1
"budgam",1
"buildings",1
"called",1
"calling",1
"camera",1
"camps",1
"can031t",1
"captured",1
"caught",1
"cdoesnt",1
"celebrated",1
"celebrating",1
"certain",1
"certainty",1
"change",1
"channel",1
"check",1
"cheeky",1
"chief",1
"chiefs",1
"china",1
"chinainfact",1
"chose",1
"claiming",1
"cleanup",1
"clear",1
"clearly",1
"coffin",1
"col",1
"collateral",1
"combat",1
"comes",1
"commander",1
"commentary",1
"common",1
"competition",1
"compromise",1
"compromised",1
"concerned",1
"confessed",1
"confidential",1
"considering",1
"constantly",1
"contact",1
"continue",1
"continued",1
"contracting",1
"contradicting",1
"conventions",1
"conveyed",1
"convince",1
"coordinates",1
"cordoned",1
"correct",1
"cost",1
"costody",1
"couldnt",1
"council",1
"countered",1
"countrys",1
"crashed",1
"crazy",1
"created",1
"criminals",1
"crisis",1
"crisply",1
"critically",1
"criticize",1
"crossed",1
"cry",1
"crying",1
"current",1
"cuz",1
"damn",1
"daresay",1
"data",1
"date",1
"death",1
"deaths",1
"debunked",1
"decide",1
"decision",1
"declare",1
"deep",1
"defeat",1
"defend",1
"defended",1
"defines",1
"degree",1
"delusion",1
"delusional",1
"demanded",1
"demanding",1
"dense",1
"dents",1
"deployed",1
"despite",1
"destroyed",1
"detailed",1
"detector",1
"devgan",1
"dgispr",1
"dialysis",1
"didn031t",1
"died",1
"difference",1
"differentiate",1
"dig",1
"diplomacy",1
"diplomatic",1
"disappear",1
"disclosure",1
"disheartening",1
"disputed",1
"district",1
"doctored",1
"dota",1
"dreadful",1
"dropped",1
"droppedman",1
"dud",1
"dude",1
"dudes",1
"due",1
"earlier",1
"easily",1
"edited",1
"effect",1
"either",1
"eject",1
"ekpak",1
"electronic",1
"else",1
"empire",1
"endless",1
"engine",1
"enter",1
"entertain",1
"entire",1
"entitled",1
"epicenter",1
"erase",1
"erdogen",1
"escalate",1
"escalated",1
"escapes",1
"event",1
"everything",1
"evil",1
"executed",1
"exhausted",1
"expected",1
"expecting",1
"explain",1
"explained",1
"explore",1
"extensively",1
"extent",1
"extremism",1
"extremists",1
"eye",1
"factors",1
"failure",1
"faithfully",1
"fall",1
"family",1
"fan",1
"fault",1
"faux",1
"fear",1
"fed",1
"feed",1
"feelings",1
"felt",1
"fiasco",1
"fiction",1
"fighter",1
"figure",1
"finally",1
"finding",1
"finishing",1
"five",1
"flares",1
"floating",1
"flying",1
"following",1
"foot",1
"forced",1
"forward",1
"fought",1
"francesca",1
"francesco",1
"freelancing",1
"fucking",1
"fully",1
"funny",1
"gamer",1
"gen",1
"geneva",1
"genuinely",1
"geopolitics",1
"global",1
"glorify",1
"goes",1
"gold",1
"gonna",1
"goodwill",1
"great",1
"gthas",1
"gtno",1
"gtsrinagar",1
"guest",1
"gun",1
"halting",1
"hamare",1
"handful",1
"handle",1
"harassed",1
"harbours",1
"harmed",1
"hatred",1
"hear",1
"heart",1
"heavily",1
"heavy",1
"hey",1
"hiding",1
"high",1
"higher",1
"highly",1
"hijack",1
"hits",1
"hold",1
"hoping",1
"horrible",1
"hostile",1
"houses",1
"httpseconomictimesindiatimescomnewsdefencevideoproofof2016surgicalstrikesurfacesvideoshow64785042cms",1
"httpstwittercomistatus1101837054533648384",1
"httpswwwaspistrategistorgauwereindiasairstrikesinpakistanastrategyforpublicapproval",1
"httpswwwindiatodayinindiavideowatchwhenindianarmydestroyedterroristlaunchpadsinpoksurgicalstrike127187920180628",1
"httpswwwndtvcomindianewspakistanclosesairspacesuspendsflightsamidescalatingtensions2000211",1
"httpswwwyoutubecomwatchvzkvsian2vls",1
"hue",1
"huh",1
"humiliation",1
"hundred",1
"hurt",1
"hypocrite",1
"hypocritical",1
"i031m",1
"iaf",1
"ideal",1
"idealistic",1
"identity",1
"ignorance",1
"ignore",1
"ignored",1
"ignoring",1
"illogical",1
"image",1
"imagine",1
"immediately",1
"immense",1
"imo",1
"impeccable",1
"imperfections",1
"implying",1
"inclined",1
"includes",1
"inconvenience",1
"increased",1
"increases",1
"independent",1
"independently",1
"individuals",1
"info",1
"ingenuine",1
"injured",1
"inmates",1
"insane",1
"installation",1
"instant",1
"instead",1
"intl",1
"involved",1
"involvement",1
"ioc",1
"irani",1
"irrespective",1
"isn031t",1
"isolatedeven",1
"ive",1
"iyer",1
"jammu",1
"jehad",1
"jerk",1
"jf17",1
"jihadis",1
"job",1
"joint",1
"jumped",1
"justify",1
"kandahar",1
"kargil",1
"kashmir031s",1
"keep",1
"keeping",1
"kept",1
"kill",1
"kilometres",1
"kinda",1
"knee",1
"known",1
"knows",1
"korea",1
"labs",1
"laga",1
"lagta",1
"lapped",1
"last",1
"latest",1
"lay",1
"legitimate",1
"leh",1
"lel",1
"liberal",1
"lies",1
"light",1
"likely",1
"likewise",1
"limited",1
"links",1
"listen",1
"little",1
"loc",1
"locations",1
"logical",1
"loophole",1
"lust",1
"madrassah",1
"madressa",1
"mainstream",1
"major",1
"mama",1
"manages",1
"manipulation",1
"march",1
"marino",1
"masood",1
"masoodnot",1
"massive",1
"maybe",1
"mbrl",1
"meantime",1
"measure",1
"meet",1
"mehmood",1
"mentally",1
"mention",1
"mentioned",1
"method",1
"might",1
"mind",1
"mine",1
"misinformation",1
"missed",1
"mistrust",1
"mithd",1
"mobs",1
"modi",1
"moment",1
"monetary",1
"mongerer",1
"months",1
"moreover",1
"mortal",1
"mostly",1
"motives",1
"moved",1
"movie",1
"mullahs",1
"multiple",1
"mystery",1
"nations",1
"nature",1
"near",1
"needed",1
"negative",1
"neighboring",1
"neighbour",1
"nessesary",1
"neutral",1
"new",1
"nickname",1
"no1",1
"nonsensical",1
"nope",1
"norm",1
"normalcy",1
"north",1
"nuclear",1
"objectivity",1
"oblivion",1
"obviously",1
"occasion",1
"ofcourse",1
"offer",1
"officer",1
"officers",1
"officials",1
"old",1
"oneupping",1
"onto",1
"openly",1
"operate",1
"operation",1
"opinion",1
"ops",1
"organization",1
"ottoman",1
"outlook",1
"outright",1
"overlooked",1
"paf",1
"pain",1
"paki",1
"panties",1
"parading",1
"parties",1
"pathankot",1
"patience",1
"peaceful",1
"period",1
"perspective",1
"photographs",1
"pick",1
"pin",1
"pinned",1
"pissed",1
"pisses",1
"pitched",1
"pizza",1
"place",1
"places",1
"plane",1
"planet",1
"planning",1
"playing",1
"pointing",1
"pointless",1
"police",1
"portrayed",1
"possesses",1
"praised",1
"praising",1
"precautionary",1
"pretty",1
"prime",1
"prisoner",1
"private",1
"problem",1
"promptly",1
"propagated",1
"properly",1
"propoganda",1
"proud",1
"publications",1
"pull",1
"purposes",1
"pushed",1
"puts",1
"quereshi",1
"question",1
"questioning",1
"r73",1
"radar",1
"raised",1
"rattling",1
"reaction",1
"read",1
"reading",1
"realistic",1
"reality",1
"reasonable",1
"reasons",1
"recruitment",1
"recruits",1
"referring",1
"refusal",1
"regarding",1
"relatives",1
"rely",1
"relying",1
"remain",1
"remains",1
"reminds",1
"rendition",1
"reported",1
"reporters",1
"reputation",1
"required",1
"requires",1
"reservations",1
"resolution",1
"respond",1
"restricted",1
"restrictions",1
"resulted",1
"results",1
"resume",1
"retweetreply",1
"reuter",1
"ridiculous",1
"rindia",1
"rival",1
"rotting",1
"routine",1
"ruined",1
"rumor",1
"sabers",1
"sacrifice",1
"sad",1
"sale",1
"salim",1
"sam",1
"sane",1
"saner",1
"sapoot",1
"sarcastic",1
"satellites",1
"scarcely",1
"scores",1
"scouted",1
"second",1
"seconds",1
"seeing",1
"self",1
"semantics",1
"sensitiveblocked",1
"sent",1
"serious",1
"seriously",1
"serves",1
"service",1
"setting",1
"settling",1
"shady",1
"sham",1
"shelling",1
"shoot",1
"shooting",1
"shortly",1
"shot",1
"showing",1
"shown",1
"sides",1
"sign",1
"significant",1
"similar",1
"similarly",1
"simple",1
"skeptical",1
"slaps",1
"slips",1
"smart",1
"smell",1
"smile",1
"snipers",1
"sniping",1
"soil",1
"soldier",1
"solve",1
"somber",1
"sometime",1
"sooner",1
"sor",1
"sort",1
"specialist",1
"spent",1
"spokesperson",1
"spots",1
"spread",1
"spy",1
"square",1
"stakes",1
"standard",1
"stars",1
"start",1
"started",1
"starts",1
"statement",1
"statements",1
"staunchly",1
"stay",1
"stick",1
"stoning",1
"stood",1
"stopped",1
"stuff",1
"stupid",1
"su30",1
"subreddit",1
"success",1
"successful",1
"suffering",1
"sufficient",1
"suit",1
"sukhoi",1
"sulking",1
"summaries",1
"superior",1
"supersecret",1
"supported",1
"supporting",1
"supports",1
"suppose",1
"supposedly",1
"surely",1
"surfaced",1
"survive",1
"sushma",1
"suspect",1
"sustained",1
"swaraj",1
"sweat",1
"target",1
"targetted",1
"tense",1
"tension",1
"term",1
"terror",1
"test",1
"thank",1
"theyve",1
"tho",1
"three",1
"threshold",1
"thus",1
"thwart",1
"told",1
"tomorrow",1
"torn",1
"touch",1
"traffic",1
"train",1
"trained",1
"trashing",1
"treated",1
"tricked",1
"tries",1
"trigger",1
"triumphant",1
"trusted",1
"truthfully",1
"turkey",1
"turn",1
"tweeted",1
"twisted",1
"uhhh",1
"ulterior",1
"unaware",1
"unbiased",1
"understanding",1
"unfettered",1
"unfortunately",1
"unhappy",1
"unhe",1
"uniform",1
"unrelated",1
"unverified",1
"updated",1
"upon",1
"urdu",1
"urgent",1
"uri",1
"useless",1
"user",1
"uss",1
"usually",1
"utilises",1
"utterly",1
"verification",1
"via",1
"victims",1
"violate",1
"visibility",1
"visit",1
"visited",1
"visiting",1
"wait",1
"wanna",1
"wanted",1
"wants",1
"wars",1
"washington",1
"watch",1
"websites",1
"wednesday",1
"weeks",1
"what031s",1
"whatever",1
"whats",1
"whatsoever",1
"whenever",1
"whichever",1
"whoch",1
"wide",1
"wikipedia",1
"win",1
"winning",1
"wionews",1
"wish",1
"wishes",1
"witness",1
"wonder",1
"wont",1
"word",1
"words",1
"worrisome",1
"worry",1
"worst",1
"worth",1
"wouldnt",1
"wouldve",1
"wow",1
"written",1
"wrong",1
"wtf",1
"yep",1
